{
  "statistics": {
    "mean_frequency": 5.234,
    "mean_amplitude": 1.456,
    "total_energy": 234.567
  },
  "harmonics": {
    "top_indices": [
      5,
      12,
      23,
      34,
      45
    ],
    "top_scores": [
      0.95,
      0.87,
      0.76,
      0.65,
      0.54
    ]
  },
  "training_metrics": {
    "steps": [
      0,
      10,
      20,
      30,
      40,
      50,
      60,
      70,
      80,
      90
    ],
    "energy": [
      99.77050741926092,
      101.46957652945997,
      100.32926706618076,
      99.89388147008458,
      99.93946863168593,
      99.82227876864208,
      100.77088841214473,
      98.75199687963867,
      102.25897198556723,
      99.81464399931905
    ]
  }
}